City_ID,City,Country,Lat,Lng,Max Temp,Humidity,Cloudiness,Wind Speed,Current Description
0,Riyadh,SA,24.6877,46.7219,91.54,13,0,19.62,clear sky
1,Nikolskoye,RU,59.7035,30.7861,49.8,97,100,3.91,overcast clouds
2,Castro,BR,-24.7911,-50.0119,64.22,75,25,4.25,scattered clouds
3,Georgetown,MY,5.4112,100.3354,82.33,93,40,5.01,scattered clouds
4,Bonthe,SL,7.5264,-12.505,81.09,82,22,5.88,few clouds
5,Teahupoo,PF,-17.8333,-149.2667,76.96,79,15,18.07,light rain
6,Rikitea,PF,-23.1203,-134.9692,77.54,81,6,20.42,clear sky
7,Rundu,NA,-17.9333,19.7667,61.0,23,0,3.27,clear sky
8,Bluff,NZ,-46.6,168.3333,53.2,79,17,17.29,few clouds
9,Yellowknife,CA,62.456,-114.3525,36.12,64,75,4.61,broken clouds
10,Abu Dhabi,AE,24.4667,54.3667,84.31,62,0,4.61,clear sky
11,Capitan Bado,PY,-23.2667,-55.5333,70.61,52,0,7.65,clear sky
12,Umm Kaddadah,SD,13.6017,26.6876,88.74,9,62,13.27,broken clouds
13,Busselton,AU,-33.65,115.3333,57.06,91,100,16.33,light rain
14,Tura,IN,25.5198,90.2201,72.03,97,63,3.8,broken clouds
15,Peru,US,40.7537,-86.0689,90.34,57,20,9.22,few clouds
16,Punta Arenas,CL,-53.15,-70.9167,50.02,71,0,3.44,clear sky
17,Severo-Kurilsk,RU,50.6789,156.125,39.22,88,67,8.46,broken clouds
18,Yining,CN,29.0361,114.5636,64.13,98,100,2.62,overcast clouds
19,Ginda,IN,30.6945,78.4932,60.62,69,17,7.11,few clouds
20,Tokur,RU,53.1333,132.9,34.41,99,100,2.55,snow
21,Sakaraha,MG,-22.9,44.5333,62.51,69,0,3.44,clear sky
22,Lagoa,PT,39.05,-27.9833,57.92,65,73,13.53,broken clouds
23,Avarua,CK,-21.2078,-159.775,82.45,78,75,11.5,broken clouds
24,San Policarpo,PH,12.1791,125.5072,80.51,83,73,7.49,broken clouds
25,Bucerias,MX,20.75,-105.3333,85.98,62,0,9.22,clear sky
26,Saldanha,ZA,-33.0117,17.9442,51.85,77,0,6.02,clear sky
27,Athabasca,CA,54.7169,-113.2854,61.21,41,50,5.91,scattered clouds
28,Atuona,PF,-9.8,-139.0333,78.78,69,0,18.21,clear sky
29,Jamestown,US,42.097,-79.2353,76.64,27,0,9.22,clear sky
30,Bathsheba,BB,13.2167,-59.5167,84.81,70,20,18.41,few clouds
31,Kruisfontein,ZA,-34.0033,24.7314,53.6,85,0,5.93,clear sky
32,Cabo San Lucas,MX,22.8909,-109.9124,92.61,45,0,3.44,clear sky
33,Hobart,AU,-42.8794,147.3294,50.05,92,100,4.61,overcast clouds
34,Port Elizabeth,ZA,-33.918,25.5701,62.31,78,0,10.0,clear sky
35,Norman Wells,CA,65.282,-126.8329,42.84,49,20,5.75,few clouds
36,Khatanga,RU,71.9667,102.5,20.28,93,25,12.3,scattered clouds
37,Praia Da Vitoria,PT,38.7333,-27.0667,62.85,63,40,13.6,scattered clouds
38,Mataura,NZ,-46.1927,168.8643,40.01,94,12,2.93,few clouds
39,Hami,CN,42.8,93.45,68.25,18,100,23.76,overcast clouds
40,Barrow,US,71.2906,-156.7887,30.22,86,100,12.66,overcast clouds
41,Calmar,CA,53.2668,-113.8187,61.5,34,75,4.61,broken clouds
42,Deputatskiy,RU,69.3,139.9,18.72,92,100,5.12,overcast clouds
43,Vaini,TO,-21.2,-175.2,71.76,83,75,11.5,broken clouds
44,Hilo,US,19.7297,-155.09,82.27,72,40,5.99,scattered clouds
45,Kapaa,US,22.0752,-159.319,80.58,81,75,18.41,broken clouds
46,Moree,AU,-29.4667,149.85,60.82,88,100,8.05,moderate rain
47,Ishigaki,JP,24.3448,124.1572,75.33,100,40,1.14,scattered clouds
48,Ushuaia,AR,-54.8,-68.3,53.26,50,75,16.11,broken clouds
49,Noyabrsk,RU,63.1994,75.4507,49.41,67,100,11.68,overcast clouds
50,Victoria,HK,22.2855,114.1577,80.65,93,100,15.01,overcast clouds
51,Olafsvik,IS,64.8945,-23.7142,36.9,81,100,13.42,overcast clouds
52,Grand Gaube,MU,-20.0064,57.6608,75.6,85,12,8.9,few clouds
53,Dwarka,IN,22.2394,68.9678,83.01,78,0,12.37,clear sky
54,Hualmay,PE,-11.0964,-77.6139,69.39,74,9,10.87,clear sky
55,Saint-Philippe,RE,-21.3585,55.7679,76.59,82,33,3.76,scattered clouds
56,Nome,US,64.5011,-165.4064,37.17,93,75,11.5,mist
57,Sulangan,PH,11.1373,123.7228,82.26,78,45,6.93,scattered clouds
58,San Carlos De Bariloche,AR,-41.1456,-71.3082,46.15,53,75,6.91,light rain
59,Oktyabrskoye,RU,43.0645,44.7417,44.74,87,100,4.47,light rain
60,Les Herbiers,FR,46.8667,-1.0167,60.51,96,22,7.67,few clouds
61,Ambilobe,MG,-13.2,49.05,72.55,95,19,2.3,light rain
62,Dankaur,IN,28.35,77.55,91.71,32,0,7.25,clear sky
63,Oranjemund,NA,-28.55,16.4333,56.07,93,1,6.22,clear sky
64,Albany,US,42.6001,-73.9662,79.92,18,2,1.01,clear sky
65,Hermanus,ZA,-34.4187,19.2345,58.3,79,0,6.31,clear sky
66,Cidreira,BR,-30.1811,-50.2056,63.72,77,44,14.83,scattered clouds
67,Malanje,AO,-9.5402,16.341,69.69,60,92,2.46,overcast clouds
68,Bengkulu,ID,-3.8004,102.2655,77.83,89,81,10.89,broken clouds
69,Kodiak,US,57.79,-152.4072,51.31,30,0,11.5,clear sky
70,Phalaborwa,ZA,-23.943,31.1411,72.68,52,29,3.4,scattered clouds
71,Nanortalik,GL,60.1432,-45.2371,36.0,94,100,16.26,light rain
72,Filadelfia,US,39.9523,-75.1638,72.9,54,75,16.11,broken clouds
73,Elko,US,41.0002,-115.5012,45.23,48,100,9.13,overcast clouds
74,Balikpapan,ID,-1.2675,116.8289,77.99,100,20,0.0,few clouds
75,Vanimo,PG,-2.6741,141.3028,77.86,89,99,3.78,overcast clouds
76,Poya,NC,-21.35,165.15,71.19,77,100,5.93,overcast clouds
77,Port Lincoln,AU,-34.7333,135.8667,58.5,83,1,6.49,clear sky
78,Delvada,IN,20.7667,71.0333,84.42,70,60,17.34,broken clouds
79,Bridlington,GB,54.0831,-0.1919,57.13,75,2,13.71,clear sky
80,Daru,PG,-9.0763,143.2092,77.83,90,31,6.38,scattered clouds
81,Ayan,RU,56.45,138.1667,33.21,93,100,12.39,overcast clouds
82,Thompson,CA,55.7435,-97.8558,60.96,44,75,12.66,broken clouds
83,Lebu,CL,-37.6167,-73.65,57.02,69,100,4.29,overcast clouds
84,Dikson,RU,73.5069,80.5464,16.65,94,99,7.23,overcast clouds
85,Hithadhoo,MV,-0.6,73.0833,83.66,75,91,15.99,overcast clouds
86,Tessalit,ML,20.1986,1.0114,90.66,5,0,10.42,clear sky
87,Sao Jose Da Coroa Grande,BR,-8.8978,-35.1478,77.68,82,10,6.58,clear sky
88,Maumere,ID,-8.6199,122.2111,78.39,76,36,2.17,scattered clouds
89,Tshikapa,CD,-6.4167,20.8,78.75,61,67,1.14,broken clouds
90,Mar Del Plata,AR,-38.0023,-57.5575,57.22,70,0,12.66,clear sky
91,Chokurdakh,RU,70.6333,147.9167,12.11,92,100,11.18,overcast clouds
92,Zhigansk,RU,66.7697,123.3711,34.81,99,100,7.58,light snow
93,Dunedin,NZ,-45.8742,170.5036,47.17,72,1,7.16,clear sky
94,Itarema,BR,-2.9248,-39.9167,77.5,83,95,8.79,overcast clouds
95,Sistranda,NO,63.7256,8.834,48.16,85,100,6.29,overcast clouds
96,Butaritari,KI,3.0707,172.7902,80.67,76,99,10.0,overcast clouds
97,Imbituba,BR,-28.24,-48.6703,69.85,79,6,14.03,clear sky
98,Wajir,KE,1.7471,40.0573,83.14,61,99,12.41,overcast clouds
99,Longyearbyen,SJ,78.2186,15.6401,21.04,63,20,5.75,few clouds
100,Anjozorobe,MG,-18.4,47.8667,58.03,91,91,5.86,overcast clouds
101,Odweyne,SO,9.4092,45.064,80.08,33,49,7.29,scattered clouds
102,Cape Town,ZA,-33.9258,18.4232,55.11,86,0,4.61,clear sky
103,Sur,OM,22.5667,59.5289,86.59,41,78,8.39,broken clouds
104,Kimle,HU,47.8173,17.3664,68.32,68,80,8.84,broken clouds
105,El Alto,PE,-4.2714,-81.2147,74.86,71,13,17.63,few clouds
106,Morristown,US,36.214,-83.2949,83.95,54,0,1.99,clear sky
107,Lokosovo,RU,61.1333,74.8167,51.3,60,100,7.76,overcast clouds
108,Nanyang,CN,32.9947,112.5328,60.17,79,100,4.14,overcast clouds
109,Aykhal,RU,66.0,111.5,33.53,88,100,16.78,overcast clouds
110,Los Llanos De Aridane,ES,28.6585,-17.9182,65.95,85,40,2.3,scattered clouds
111,Siniscola,IT,40.5719,9.6922,63.95,74,0,4.23,clear sky
112,Mahebourg,MU,-20.4081,57.7,75.49,88,40,4.61,scattered clouds
113,Port Alfred,ZA,-33.5906,26.891,61.61,77,0,9.19,clear sky
114,Upington,ZA,-28.4478,21.2561,50.38,27,0,2.3,clear sky
115,Rawson,AR,-43.3002,-65.1023,56.8,59,100,19.82,overcast clouds
116,Otukpo,NG,7.1913,8.1329,79.47,74,54,5.08,broken clouds
117,Axim,GH,4.8699,-2.2405,80.8,81,95,5.75,overcast clouds
118,Ornskoldsvik,SE,63.2909,18.7153,49.15,76,100,4.61,overcast clouds
119,Severo-Yeniseyskiy,RU,60.3725,93.0408,29.07,94,19,4.29,few clouds
120,Cayenne,GF,4.9333,-52.3333,83.08,1,100,14.97,overcast clouds
121,Conde,BR,-7.2597,-34.9075,80.06,78,75,11.5,broken clouds
122,Chapais,CA,49.7834,-74.8492,73.18,22,55,13.69,broken clouds
123,Husavik,IS,66.0449,-17.3389,33.39,91,100,9.33,light snow
124,Pangody,RU,65.85,74.4859,34.14,100,100,3.27,overcast clouds
125,Ternate,ID,0.8,127.4,80.74,84,99,6.08,overcast clouds
126,Sibsagar,IN,26.9833,94.6333,73.11,95,27,1.61,scattered clouds
127,Palamos,ES,41.8484,3.1291,66.99,58,10,5.01,clear sky
128,Den Helder,NL,52.9599,4.7593,56.97,90,75,24.16,broken clouds
129,Port Hardy,CA,50.6996,-127.4199,46.58,81,100,11.5,light intensity shower rain
130,New Norfolk,AU,-42.7826,147.0587,49.71,89,100,2.93,overcast clouds
131,Saskylakh,RU,71.9167,114.0833,24.96,87,92,16.55,overcast clouds
132,Penzance,GB,50.1186,-5.5371,54.28,83,0,18.7,clear sky
133,San Matias,BO,-16.3667,-58.4,86.9,46,100,5.75,overcast clouds
134,Codrington,AU,-38.2667,141.9667,56.52,93,100,4.81,overcast clouds
135,Constitucion,CL,-35.3333,-72.4167,61.02,58,100,8.61,overcast clouds
136,Dhidhdhoo,MV,6.8833,73.1,83.95,74,78,15.26,broken clouds
137,Pacific Grove,US,36.6177,-121.9166,65.25,68,0,10.36,clear sky
138,Dalvik,IS,65.9702,-18.5286,37.33,87,100,6.6,overcast clouds
139,Upernavik,GL,72.7868,-56.1549,23.68,80,90,5.86,overcast clouds
140,Eufaula,US,31.8913,-85.1455,85.32,40,0,8.55,clear sky
141,Khandbari,NP,27.3747,87.2039,69.1,82,16,2.17,few clouds
142,Ribeira Grande,PT,38.5167,-28.7,61.2,59,20,12.66,few clouds
143,Sola,VU,-13.8833,167.55,80.74,79,100,26.57,moderate rain
144,Lompoc,US,34.6391,-120.4579,73.56,53,0,24.0,clear sky
145,Paita,PE,-5.0892,-81.1144,70.68,72,9,17.16,clear sky
146,Qaanaaq,GL,77.484,-69.3632,17.6,77,5,4.99,clear sky
147,Hamilton,US,39.1834,-84.5333,88.21,49,40,10.36,scattered clouds
148,Puerto Ayora,EC,-0.7393,-90.3518,82.36,89,47,4.0,scattered clouds
149,Tuktoyaktuk,CA,69.4541,-133.0374,32.0,80,20,14.97,few clouds
150,El Cocuy,CO,6.4078,-72.4446,58.6,88,86,2.13,light rain
151,Samarai,PG,-10.6167,150.6667,82.38,81,100,8.81,overcast clouds
152,Iqaluit,CA,63.7506,-68.5145,28.13,68,75,18.41,broken clouds
153,Tomatlan,MX,19.9333,-105.25,92.26,41,8,11.01,clear sky
154,Qujing,CN,25.4833,103.7833,57.31,89,100,7.74,overcast clouds
155,Fairbanks,US,64.8378,-147.7164,47.01,52,40,4.61,scattered clouds
156,Tiksi,RU,71.6872,128.8694,11.5,96,96,5.95,overcast clouds
157,Khorramabad,IR,33.4878,48.3558,65.82,24,2,4.61,clear sky
158,Nsanje,MW,-16.92,35.262,67.62,86,0,2.82,clear sky
159,Shancheng,CN,34.7953,116.0817,54.7,88,0,5.01,clear sky
160,Luanda,AO,-8.8368,13.2343,78.8,83,20,10.36,few clouds
161,Tiznit,MA,29.5833,-9.5,82.42,17,100,3.02,overcast clouds
162,Zemes,RO,46.5833,26.4167,56.64,84,98,5.01,overcast clouds
163,Teofilo Otoni,BR,-17.8575,-41.5053,76.1,52,11,3.33,few clouds
164,Kloulklubed,PW,7.0419,134.2556,73.9,91,100,13.91,moderate rain
165,Niquero,CU,20.0431,-77.5828,82.81,63,35,5.82,scattered clouds
166,Griffith,US,41.5284,-87.4237,95.14,60,75,10.36,broken clouds
167,Chuy,UY,-33.6971,-53.4616,60.15,70,100,12.1,overcast clouds
168,Esperance,AU,-33.8667,121.9,67.84,47,100,6.42,overcast clouds
169,Sitka,US,57.0531,-135.33,49.89,53,20,9.22,few clouds
170,Qaqortoq,GL,60.7167,-46.0333,33.98,99,100,6.53,snow
171,Yeppoon,AU,-23.1333,150.7333,69.58,89,100,10.67,overcast clouds
172,Tabuk,PH,17.4189,121.4443,73.81,87,7,4.09,clear sky
173,Punta De Bombon,PE,-17.1717,-71.7931,67.51,76,0,7.18,clear sky
174,Svetlyy,RU,54.675,20.1347,57.25,97,99,6.87,overcast clouds
175,Pisco,PE,-13.7,-76.2167,69.03,82,5,8.05,clear sky
176,Jalu,LY,29.0331,21.5482,77.56,32,100,11.99,overcast clouds
177,Ahipara,NZ,-35.1667,173.1667,51.96,72,0,5.97,clear sky
178,Pevek,RU,69.7008,170.3133,25.52,96,100,7.29,snow
179,Adrar,MR,20.5022,-10.0711,93.38,10,25,7.4,scattered clouds
180,Tongchuan,CN,35.0806,109.0897,53.24,83,74,6.89,broken clouds
181,Platonovka,RU,52.7106,41.952,45.97,97,100,11.21,overcast clouds
182,Bredasdorp,ZA,-34.5322,20.0403,54.37,84,0,4.34,clear sky
183,Anapskaya,RU,44.89,37.38,50.25,93,0,6.71,clear sky
184,Klaksvik,FO,62.2266,-6.589,41.92,79,100,24.81,overcast clouds
185,Harper,LR,4.375,-7.7169,80.29,81,73,7.49,broken clouds
186,Susanville,US,40.4163,-120.653,46.9,50,75,3.44,broken clouds
187,Ondangwa,NA,-17.9167,15.95,57.2,35,0,0.0,clear sky
188,Virginia Beach,US,36.8529,-75.978,61.05,89,100,19.57,light intensity drizzle
189,Bambous Virieux,MU,-20.3428,57.7575,75.45,88,40,4.61,scattered clouds
190,San Cristobal,VE,7.7669,-72.225,78.98,66,89,4.0,overcast clouds
191,Eskisehir,TR,39.7767,30.5206,53.51,50,0,8.05,clear sky
192,Mineiros,BR,-17.5694,-52.5511,76.15,57,92,2.89,overcast clouds
193,Camacupa,AO,-12.0167,17.4833,61.39,55,88,4.63,overcast clouds
194,Bolotnoye,RU,55.6717,84.3981,43.48,50,38,5.77,scattered clouds
195,Bethel,US,41.3712,-73.414,78.66,45,0,6.91,clear sky
196,Faya,SA,18.3851,42.4509,69.91,55,62,2.89,broken clouds
197,Ilulissat,GL,69.2167,-51.1,28.42,46,0,11.5,clear sky
198,Maragogi,BR,-9.0122,-35.2225,77.13,84,12,6.6,few clouds
199,Ormara,PK,25.2088,64.6357,82.0,79,1,16.4,clear sky
200,Pouembout,NC,-21.1333,164.9,70.45,79,100,4.36,overcast clouds
201,Kaitangata,NZ,-46.2817,169.8464,43.65,86,7,8.19,clear sky
202,Evensk,RU,61.95,159.2333,32.27,98,100,5.77,overcast clouds
203,Margate,GB,51.3813,1.3862,56.88,87,31,1.01,scattered clouds
204,Port Blair,IN,11.6667,92.75,82.44,78,40,6.91,mist
205,Ponta Do Sol,PT,32.6667,-17.1,71.71,79,23,2.17,few clouds
206,East London,ZA,-33.0153,27.9116,62.11,74,8,7.74,clear sky
207,Gamba,GA,-2.65,10.0,77.7,88,100,3.74,overcast clouds
208,Shelburne,CA,44.0787,-80.2041,81.36,31,7,3.6,clear sky
209,Yumen,CN,40.2833,97.2,56.46,20,100,8.16,overcast clouds
210,Siuna,NI,13.7332,-84.7773,90.52,45,100,9.6,overcast clouds
211,Namatanai,PG,-3.6667,152.4333,79.72,82,100,6.82,overcast clouds
212,Nacala,MZ,-14.5428,40.6728,71.1,86,0,6.35,clear sky
213,Mbale,UG,1.0821,34.175,65.84,85,98,4.99,light rain
214,Kamenka,RU,51.3223,42.7678,45.63,95,100,12.77,overcast clouds
215,Mayumba,GA,-3.432,10.6554,77.63,88,100,4.38,overcast clouds
216,Leshukonskoye,RU,64.8989,45.7622,42.58,80,99,4.61,overcast clouds
217,Tasiilaq,GL,65.6145,-37.6368,28.56,72,94,1.99,overcast clouds
218,Roald,NO,62.5833,6.1333,48.76,81,75,12.66,light intensity shower rain
219,Dingzhou,CN,38.5131,114.9956,51.91,97,100,4.79,overcast clouds
220,La Palma,US,33.8464,-118.0467,74.91,34,20,9.22,few clouds
221,Mucurapo,TT,10.6667,-61.5333,90.01,54,6,13.85,clear sky
222,Tazovskiy,RU,67.4667,78.7,28.62,98,100,6.6,overcast clouds
223,Coquimbo,CL,-29.9533,-71.3436,58.73,82,75,6.91,broken clouds
224,Benguela,AO,-12.5763,13.4055,75.47,85,43,2.3,scattered clouds
225,Markova,UA,48.6758,24.4138,55.18,83,100,6.67,overcast clouds
226,Guangyuan,CN,32.442,105.823,63.18,83,99,1.74,overcast clouds
227,Gustavo Diaz Ordaz,MX,26.2333,-98.5833,94.95,49,17,18.12,few clouds
228,Tahoua,NE,14.8888,5.2692,100.38,18,0,2.3,clear sky
229,Isla Mujeres,MX,21.2311,-86.731,84.25,70,10,13.76,clear sky
230,Padang,ID,-0.9492,100.3543,78.19,90,100,7.85,overcast clouds
231,Fukue,JP,32.6881,128.8419,67.48,96,100,8.81,overcast clouds
232,Bongaree,AU,-27.0797,153.1586,72.14,85,100,21.25,light rain
233,Camacha,PT,33.0833,-16.3333,63.82,82,75,8.05,broken clouds
234,Thinadhoo,MV,0.5333,72.9333,83.25,77,100,18.01,overcast clouds
235,Sisimiut,GL,66.9395,-53.6735,33.55,47,0,7.25,clear sky
236,Hervey Bay,AU,-25.2986,152.8535,72.01,89,100,4.0,moderate rain
237,Owen Sound,CA,44.5672,-80.9435,73.78,39,38,3.0,scattered clouds
238,Coihaique,CL,-45.5752,-72.0662,47.01,76,0,0.0,clear sky
239,Atar,MR,20.5169,-13.0499,99.0,14,99,9.95,overcast clouds
240,Touros,BR,-5.1989,-35.4608,77.11,89,100,10.63,moderate rain
241,Abu Road,IN,24.4833,72.7833,89.64,24,5,5.32,clear sky
242,Nguruka,TZ,-5.1092,31.0419,71.74,66,99,4.21,overcast clouds
243,Lodwar,KE,3.1191,35.5973,89.35,36,100,19.86,overcast clouds
244,Nuuk,GL,64.1835,-51.7216,34.41,93,75,16.11,light snow
245,Floro,NO,61.5996,5.0328,46.36,100,75,16.11,shower rain
246,Talnakh,RU,69.4865,88.3972,29.21,98,100,6.08,snow
247,Pangnirtung,CA,66.1451,-65.7125,28.4,80,0,10.36,clear sky
248,Iraray,PH,8.9936,118.0511,79.93,85,34,2.59,scattered clouds
249,Asau,RO,46.4333,26.4,58.12,84,100,5.01,overcast clouds
250,Pottsville,US,40.6857,-76.1955,79.5,47,26,4.0,scattered clouds
251,Craig,US,40.5153,-107.5464,75.15,15,0,26.46,clear sky
252,Naze,JP,28.3667,129.4833,70.72,93,100,8.55,light rain
253,Carnarvon,AU,-24.8667,113.6333,69.87,88,75,3.44,broken clouds
254,Maningrida,AU,-12.0667,134.2667,74.3,81,44,6.26,scattered clouds
255,Guanica,PR,17.9716,-66.908,87.12,75,100,16.31,overcast clouds
256,Liverpool,GB,53.4106,-2.9779,56.79,67,20,11.5,few clouds
257,Cockburn Town,TC,21.4612,-71.1419,82.36,65,40,5.75,scattered clouds
258,Namuac,PH,18.6109,121.1657,78.04,85,14,8.1,few clouds
259,Brae,GB,60.3964,-1.353,46.47,82,96,23.02,overcast clouds
260,Cherskiy,RU,68.75,161.3,22.19,93,100,11.56,overcast clouds
261,Sehithwa,BW,-20.4667,22.7167,65.3,22,0,4.59,clear sky
262,Road Town,VG,18.4167,-64.6167,84.24,74,40,13.8,scattered clouds
263,Ambon,ID,-3.6954,128.1814,75.34,94,40,0.0,moderate rain
264,Kananga,CD,-5.8958,22.4178,73.2,59,100,3.15,overcast clouds
265,Torbay,CA,47.6666,-52.7314,62.76,23,20,23.02,few clouds
266,Port Keats,AU,-14.25,129.55,74.84,67,100,7.02,overcast clouds
267,Honningsvag,NO,70.9821,25.9704,37.15,87,100,18.41,light rain
268,Lima,PE,-12.0432,-77.0282,71.38,78,0,6.91,clear sky
269,Belaya Gora,RU,68.5333,146.4167,17.65,90,56,9.86,broken clouds
270,Prabumulih,ID,-3.45,104.25,74.7,96,99,1.79,overcast clouds
271,Vao,NC,-22.6667,167.4833,73.56,61,100,27.04,overcast clouds
272,Provideniya,RU,64.3833,-173.3,35.98,83,89,10.51,overcast clouds
273,Paamiut,GL,61.994,-49.6678,36.55,92,100,20.22,light rain
274,Lasa,IT,46.6166,10.7002,67.08,92,51,1.28,broken clouds
275,Maniitsoq,GL,65.4167,-52.9,33.78,60,100,8.08,overcast clouds
276,Avera,US,33.194,-82.5271,82.38,28,0,11.45,clear sky
277,Kavieng,PG,-2.5744,150.7967,82.22,78,100,11.45,overcast clouds
278,Shiyan,CN,32.6475,110.7781,54.7,94,82,1.7,broken clouds
279,Mawlaik,MM,23.6333,94.4167,75.4,97,82,1.32,broken clouds
280,Alexandru Ioan Cuza,RO,47.1333,26.85,64.2,61,100,3.42,overcast clouds
281,Meulaboh,ID,4.1363,96.1285,77.95,83,100,3.78,overcast clouds
282,Parkent,UZ,41.2944,69.6764,62.42,67,2,4.99,clear sky
283,Salekhard,RU,66.53,66.6019,28.08,98,94,2.06,overcast clouds
284,Presidente Dutra,BR,-5.29,-44.49,79.84,86,46,2.33,scattered clouds
285,Kargasok,RU,59.0556,80.8572,46.4,52,100,7.61,overcast clouds
286,Bara,NG,10.3744,10.7288,90.39,41,15,11.65,few clouds
287,Guerrero Negro,MX,27.9769,-114.0611,67.19,50,89,25.59,overcast clouds
288,Annamalainagar,IN,11.4,79.7333,83.95,59,100,13.96,overcast clouds
289,Srednekolymsk,RU,67.45,153.6833,21.09,91,79,6.17,broken clouds
290,Minot,US,48.2325,-101.2963,55.62,67,100,23.02,overcast clouds
291,Ostrovnoy,RU,68.0531,39.5131,43.39,73,100,14.56,overcast clouds
292,Houston,US,29.7633,-95.3633,94.3,60,40,13.8,scattered clouds
293,Pimenta Bueno,BR,-11.6725,-61.1936,83.41,70,49,3.15,scattered clouds
294,Nicolas Bravo,MX,18.45,-88.9167,97.14,30,67,7.09,broken clouds
295,Loukhi,RU,66.0764,33.0381,46.38,89,100,10.63,overcast clouds
296,Clyde River,CA,70.4692,-68.5914,21.43,93,75,26.46,light snow
297,Anadyr,RU,64.75,177.4833,37.9,81,75,8.95,broken clouds
298,Suratgarh,IN,29.3167,73.9,94.28,11,0,3.15,clear sky
299,Petauke,ZM,-14.2426,31.3253,64.67,72,55,4.61,broken clouds
300,Omagh,GB,54.6,-7.3,47.1,84,6,8.21,clear sky
301,Henties Bay,NA,-22.116,14.2845,61.27,72,4,5.48,clear sky
302,Khuzhir,RU,53.1939,107.3397,30.72,78,51,3.38,broken clouds
303,Sarishabari,BD,24.7333,89.8333,80.65,84,66,13.42,broken clouds
304,Comodoro Rivadavia,AR,-45.8667,-67.5,58.86,44,0,11.5,clear sky
305,Kano,NG,12.0001,8.5167,89.49,37,40,13.8,thunderstorm
306,Nhulunbuy,AU,-12.2333,136.7667,75.81,100,48,3.44,scattered clouds
307,Ugoofaaru,MV,5.6667,73.0,84.04,75,72,17.74,broken clouds
308,Vila Franca Do Campo,PT,37.7167,-25.4333,61.21,81,100,10.87,overcast clouds
309,Vostok,RU,46.4856,135.8833,41.34,94,100,5.91,moderate rain
310,Tigil,RU,57.8,158.6667,41.18,75,80,2.35,broken clouds
311,Saint-Pierre,RE,-21.3393,55.4781,76.68,69,100,5.75,overcast clouds
312,Goderich,CA,43.7501,-81.7165,75.52,31,100,6.91,overcast clouds
313,Salinopolis,BR,-0.6136,-47.3561,80.01,85,81,8.32,broken clouds
314,Faanui,PF,-16.4833,-151.75,81.72,76,19,17.98,light rain
315,Harlingen,US,26.1906,-97.6961,91.49,42,40,19.57,scattered clouds
316,Sao Filipe,CV,14.8961,-24.4956,73.42,80,100,12.3,overcast clouds
317,Ukiah,US,39.1502,-123.2078,65.44,49,0,9.22,clear sky
318,Lusambo,CD,-4.9667,23.45,78.39,60,90,1.36,overcast clouds
319,Edd,ER,13.9297,41.6925,85.32,69,0,4.59,clear sky
320,Pangai,TO,-19.8,-174.35,77.11,83,75,9.22,broken clouds
321,Sept-Iles,CA,50.2001,-66.3821,50.05,60,75,5.75,broken clouds
322,Porbandar,IN,21.6422,69.6093,83.44,77,0,13.11,clear sky
323,Nouadhibou,MR,20.931,-17.0347,69.78,83,6,19.57,clear sky
324,Dabakala,CI,8.3667,-4.4333,77.34,85,72,4.72,moderate rain
325,La Ronge,CA,55.1001,-105.2842,55.65,30,75,10.36,broken clouds
326,Shatalovo,RU,54.334,32.4465,50.67,76,100,7.78,overcast clouds
327,San Quintin,MX,30.4833,-115.95,64.08,54,97,24.7,overcast clouds
328,Narsaq,GL,60.9167,-46.05,35.82,99,100,2.13,moderate rain
329,Neiafu,TO,-18.65,-173.9833,77.68,88,75,4.61,broken clouds
330,Uarini,BR,-2.99,-65.1083,82.54,83,99,3.42,overcast clouds
331,Yate,GB,51.5407,-2.4184,55.98,79,3,1.99,clear sky
332,Tuatapere,NZ,-46.1333,167.6833,45.12,90,13,5.17,few clouds
333,Newport,GB,51.5877,-2.9984,56.68,75,1,11.7,clear sky
334,Lata,PT,40.1629,-8.3327,57.97,76,100,3.51,overcast clouds
335,Teguise,ES,29.0605,-13.564,66.42,94,0,9.22,clear sky
336,Belfast,GB,54.5833,-5.9333,55.22,65,40,9.22,scattered clouds
337,Iquitos,PE,-3.7481,-73.2472,87.84,66,75,3.44,broken clouds
338,Ambulu,ID,-8.345,113.6058,76.35,93,100,3.09,overcast clouds
339,Mae Hong Son,TH,19.3003,97.9685,73.63,97,67,0.78,broken clouds
340,Mareeba,AU,-17.0,145.4333,70.52,96,99,1.72,overcast clouds
341,Dallas,US,32.7668,-96.7836,92.86,55,75,13.8,broken clouds
342,Lavrentiya,RU,65.5833,-171.0,34.0,98,96,7.11,overcast clouds
343,Flinders,AU,-34.5833,150.8552,62.38,93,100,4.0,moderate rain
344,Ancud,CL,-41.8697,-73.8203,48.07,92,100,12.41,light rain
345,Kavaratti,IN,10.5669,72.642,84.88,67,73,12.15,broken clouds
346,Novo Aripuana,BR,-5.1206,-60.3797,83.39,69,99,1.3,overcast clouds
347,Mogadishu,SO,2.0371,45.3438,81.7,82,6,13.67,clear sky
348,Marrakesh,MA,31.6315,-8.0083,86.07,19,40,9.22,scattered clouds
349,Ulladulla,AU,-35.35,150.4667,59.9,96,100,4.23,light rain
350,Vestmannaeyjar,IS,63.4427,-20.2734,41.99,70,20,16.11,few clouds
351,Ban Nahin,LA,18.2418,104.2122,75.99,97,99,1.61,overcast clouds
352,Lashio,MM,22.9333,97.75,68.13,98,100,1.34,overcast clouds
353,Ilo,PE,-17.6394,-71.3375,70.66,68,75,9.22,broken clouds
354,Eirunepe,BR,-6.6603,-69.8736,85.01,72,46,2.95,scattered clouds
355,Teknaf,BD,20.8624,92.3058,78.12,90,100,5.68,overcast clouds
356,Alta Floresta,BR,-9.8756,-56.0861,91.22,46,40,4.61,scattered clouds
357,Mount Gambier,AU,-37.8333,140.7667,53.51,94,100,0.0,overcast clouds
358,Tamandare,BR,-8.7597,-35.1047,77.7,82,8,5.99,clear sky
359,Geraldton,AU,-28.7667,114.6,63.01,94,75,6.91,broken clouds
360,Saryagash,KZ,41.4511,69.1701,66.16,70,0,4.34,clear sky
361,Northam,GB,51.0333,-4.2167,54.39,85,4,13.2,clear sky
362,Aklavik,CA,68.2191,-135.0107,38.77,66,13,11.72,few clouds
363,Bilibino,RU,68.0546,166.4372,33.19,99,100,3.8,snow
364,Westport,US,41.1415,-73.3579,80.31,55,0,6.91,clear sky
365,Verkhnevilyuysk,RU,63.4453,120.3167,36.81,96,100,3.65,overcast clouds
366,San Vicente,AR,-26.6167,-54.1333,63.61,66,34,4.68,scattered clouds
367,Airai,TL,-8.9266,125.4092,58.75,92,92,0.76,overcast clouds
368,Korla,CN,41.7597,86.1469,72.34,28,69,18.72,broken clouds
369,Canandaigua,US,42.8742,-77.288,82.17,13,3,1.99,clear sky
370,Arraial Do Cabo,BR,-22.9661,-42.0278,76.96,73,0,9.22,clear sky
371,Yilan,TW,24.757,121.753,78.03,99,100,0.78,overcast clouds
372,Matara,LK,5.9485,80.5353,79.0,89,94,13.22,overcast clouds
373,Eureka,US,40.8021,-124.1637,59.74,66,45,8.99,scattered clouds
374,The Valley,AI,18.217,-63.0578,84.06,83,20,16.11,few clouds
375,Hasaki,JP,35.7333,140.8333,61.2,88,95,6.71,overcast clouds
376,Shanhetun,CN,44.7,127.2,40.84,51,98,7.78,overcast clouds
377,Kinablangan,PH,7.6947,126.5503,76.78,87,71,2.35,broken clouds
378,Saint George,US,37.1041,-113.5841,73.8,13,0,17.27,clear sky
379,Boundiali,CI,9.5217,-6.4869,79.92,64,40,10.02,scattered clouds
380,Bastrop,US,32.7562,-91.8724,90.7,70,4,3.85,clear sky
381,Walvis Bay,NA,-22.9575,14.5053,61.75,67,56,1.14,broken clouds
382,Vanavara,RU,60.34,102.2797,39.69,91,27,3.69,scattered clouds
383,Guanare,VE,9.0418,-69.7421,75.22,100,99,3.44,overcast clouds
384,Bereda,ES,43.2686,-7.5406,58.41,92,100,4.88,overcast clouds
385,Erzin,TR,36.9559,36.2,59.4,84,19,1.5,few clouds
386,Ariguani,CO,10.25,-74.0,80.19,78,100,4.03,overcast clouds
387,Inongo,CD,-1.95,18.2667,70.95,96,99,6.55,overcast clouds
388,Tucupita,VE,9.0622,-62.051,90.66,44,67,6.08,broken clouds
389,Jaguarari,BR,-10.2639,-40.1958,78.22,50,100,8.03,overcast clouds
390,Berlevag,NO,70.8578,29.0864,37.35,93,100,23.02,light rain
391,Ampanihy,MG,-24.7,44.75,63.97,82,0,5.59,clear sky
392,Chandur Bazar,IN,21.2417,77.7456,91.56,42,12,5.66,few clouds
393,Souillac,MU,-20.5167,57.5167,75.58,88,40,4.61,scattered clouds
394,Victor Harbor,AU,-35.5667,138.6167,57.69,94,100,5.21,overcast clouds
395,Hit,IQ,33.6416,42.8251,78.78,20,28,6.76,scattered clouds
396,Zhuhai,CN,22.2769,113.5678,80.38,94,40,8.05,light intensity shower rain
397,Urengoy,RU,65.9667,78.3667,34.05,100,100,4.54,overcast clouds
398,Kandi,BJ,11.1342,2.9386,86.56,50,51,4.61,light rain
399,Norrtalje,SE,59.758,18.705,50.43,91,100,7.14,light rain
400,Weligama,LK,5.9667,80.4167,79.38,88,96,13.8,overcast clouds
401,Pareora,NZ,-44.4871,171.2132,44.19,97,22,3.42,few clouds
402,Zhicheng,CN,30.2956,111.5047,59.86,89,100,1.77,overcast clouds
403,Oriximina,BR,-1.7656,-55.8661,84.88,68,26,5.1,scattered clouds
404,Bendigo,AU,-36.7667,144.2833,55.85,69,100,6.89,overcast clouds
405,Raton,US,36.9034,-104.4391,85.05,14,0,37.98,clear sky
406,Itaberai,BR,-16.0203,-49.8103,82.09,45,26,1.34,scattered clouds
407,Kattivakkam,IN,13.2167,80.3167,89.69,74,100,18.37,overcast clouds
408,Tsiroanomandidy,MG,-18.7667,46.0333,59.36,77,0,2.89,clear sky
409,Antalaha,MG,-14.9003,50.2788,73.06,91,9,4.99,light rain
410,College,US,64.8569,-147.8028,46.99,53,75,4.61,broken clouds
411,Batagay,RU,67.6333,134.6333,24.24,87,100,5.7,overcast clouds
412,Amapa,BR,1.0,-52.0,80.31,79,92,1.99,overcast clouds
413,Smithers,CA,54.7804,-127.1743,46.72,53,100,13.8,overcast clouds
414,La Asuncion,VE,11.0333,-63.8628,89.33,51,4,20.71,clear sky
415,Toamasina,MG,-18.1667,49.3833,73.4,94,40,5.75,scattered clouds
416,Mapiripan,CO,2.8892,-72.1256,80.6,81,97,2.48,light rain
417,Ayutla,MX,20.1167,-104.3333,94.17,21,11,2.35,few clouds
418,Leningradskiy,RU,69.3833,178.4167,27.0,90,100,2.3,overcast clouds
419,Severodvinsk,RU,64.5635,39.8302,48.31,66,100,6.73,overcast clouds
420,Flin Flon,CA,54.7682,-101.865,55.24,38,20,14.97,few clouds
421,Fortuna,US,40.5982,-124.1573,57.85,68,100,9.22,overcast clouds
422,Dabat,ET,12.9842,37.765,65.64,29,6,7.54,clear sky
423,Itoman,JP,26.1247,127.6694,74.17,100,75,1.14,light rain
424,Zhangjiakou,CN,40.81,114.8794,48.02,25,100,5.26,overcast clouds
425,Mezen,RU,65.8522,44.24,43.68,87,76,6.78,broken clouds
426,Salta,AR,-24.7859,-65.4117,68.59,68,75,9.22,broken clouds
427,Kang,BW,-23.6752,22.7876,63.3,27,9,6.73,clear sky
428,Denpasar,ID,-8.65,115.2167,80.26,94,20,3.44,few clouds
429,Sharjah,AE,25.3573,55.4033,85.98,48,0,5.75,clear sky
430,La Rioja,ES,42.25,-2.5,67.78,87,100,3.42,light rain
431,Abdanan,IR,32.9926,47.4198,67.26,24,1,9.62,clear sky
432,Kutum,SD,14.2,24.6667,83.39,12,93,9.15,overcast clouds
433,Cananea,MX,30.95,-110.3,81.09,12,31,21.72,scattered clouds
434,Bar Harbor,US,44.3876,-68.2039,76.93,58,0,8.05,clear sky
435,Redcliffe,AU,-27.2307,153.0973,72.09,78,75,12.66,broken clouds
436,Kidal,ML,18.4411,1.4078,93.87,6,0,8.52,clear sky
437,Dryden,CA,49.7833,-92.7503,70.09,16,75,3.44,broken clouds
438,Burgeo,CA,47.6167,-57.6152,45.57,61,0,7.14,clear sky
439,Merauke,ID,-8.4667,140.3333,79.02,89,100,7.94,overcast clouds
440,Nemours,FR,48.2751,2.6908,70.16,75,53,9.73,broken clouds
441,Agadez,NE,19.75,10.25,89.82,15,0,12.06,clear sky
442,Inuvik,CA,68.3499,-133.7218,40.06,65,0,10.36,clear sky
443,Azangaro,PE,-14.9167,-70.2167,58.57,23,9,6.69,clear sky
444,Wageningen,NL,51.9667,5.6667,66.11,63,100,8.05,overcast clouds
445,Carutapera,BR,-1.195,-46.02,78.37,90,75,5.32,broken clouds
446,Darhan,MN,49.4867,105.9228,36.23,39,48,7.81,scattered clouds
447,Tonekabon,IR,36.8163,50.8738,62.55,85,23,3.22,few clouds
448,Nakamura,JP,32.9833,132.9333,66.94,99,100,11.25,overcast clouds
449,Takoradi,GH,4.8845,-1.7554,80.51,82,50,6.82,scattered clouds
450,Dembi Dolo,ET,8.5333,34.8,61.41,89,99,7.2,light rain
451,Montlucon,FR,46.3333,2.6,64.18,81,96,4.61,overcast clouds
452,Lar,IN,26.2039,83.9717,91.36,42,0,9.48,clear sky
453,Bekhtery,UA,46.251,32.2927,55.09,49,15,4.94,few clouds
454,Sechura,PE,-5.5569,-80.8222,77.14,58,18,14.56,few clouds
455,Antas,PT,41.7364,-8.3089,61.66,80,100,2.08,overcast clouds
456,Puerto Escondido,MX,15.85,-97.0667,89.2,61,94,9.1,overcast clouds
457,Hoi An,VN,15.8794,108.335,78.76,89,68,5.39,broken clouds
458,Moose Jaw,CA,50.4001,-105.5344,64.67,24,75,4.61,broken clouds
459,Roebourne,AU,-20.7833,117.1333,71.92,45,95,3.38,overcast clouds
460,Oktyabrskiy,RU,54.4815,53.471,41.7,77,6,8.12,clear sky
461,Nieuw Amsterdam,SR,5.8833,-55.0833,86.02,66,40,13.8,scattered clouds
462,Buin,CL,-33.7333,-70.75,71.92,34,100,6.08,overcast clouds
463,Amahai,ID,-3.3333,128.9167,78.62,85,100,5.21,overcast clouds
464,Stokmarknes,NO,68.5646,14.9108,42.78,93,75,6.91,broken clouds
465,Robertsport,LR,6.7533,-11.3686,81.86,83,66,9.64,broken clouds
466,Kenai,US,60.5544,-151.2583,48.29,42,0,6.91,clear sky
467,Rocha,UY,-34.4833,-54.3333,58.6,62,100,12.5,overcast clouds
468,Bon Accord,CA,53.8335,-113.4187,61.77,33,75,2.3,broken clouds
469,Bulgan,MN,48.8125,103.5347,29.84,45,58,4.83,broken clouds
470,Burnie,AU,-41.0667,145.9167,60.93,83,100,11.45,overcast clouds
471,Warri,NG,5.5167,5.75,77.4,91,38,4.85,scattered clouds
472,Kerouane,GN,9.2667,-9.0167,82.04,44,7,3.06,clear sky
473,Santa Ana,US,33.7456,-117.8678,74.03,38,20,9.22,few clouds
474,Taksimo,RU,56.3444,114.8794,34.16,80,99,6.29,overcast clouds
475,Oxelosund,SE,58.6706,17.1015,50.38,87,0,11.5,clear sky
476,Puerto Narino,CO,-3.7703,-70.3831,82.26,88,33,2.66,scattered clouds
477,San Ramon,US,37.7799,-121.978,69.57,42,0,10.36,clear sky
478,Veliki Preslav,BG,43.1667,26.8167,59.54,69,59,3.83,broken clouds
479,Bandarbeyla,SO,9.4942,50.8122,82.02,84,100,8.66,overcast clouds
480,Largo,US,27.9095,-82.7873,86.2,51,0,21.99,clear sky
481,Soyo,AO,-6.1349,12.3689,77.45,86,90,4.72,overcast clouds
482,Coolum Beach,AU,-26.5333,153.1,72.1,98,100,16.78,overcast clouds
483,Liwonde,MW,-15.0506,35.2035,68.56,77,24,1.92,few clouds
484,Saint Anthony,US,45.0205,-93.218,79.25,71,100,9.22,overcast clouds
485,Krasnoselkup,RU,65.7,82.4667,35.28,100,100,5.64,overcast clouds
486,Meadow Lake,US,34.8014,-106.5436,87.4,10,0,26.62,clear sky
487,El Dorado,US,38.7666,-120.5177,55.8,46,84,5.01,broken clouds
488,Turbat,PK,26.0023,63.044,87.73,35,29,4.56,scattered clouds
489,La Cruz,MX,23.9167,-106.9,85.57,55,6,7.96,clear sky
490,Leczyca,PL,52.0596,19.1997,71.15,71,41,12.66,scattered clouds
491,Laguna De Perlas,NI,12.3429,-83.6712,86.09,71,97,11.05,overcast clouds
492,Taketa,JP,32.9652,131.3785,65.79,100,100,2.19,overcast clouds
493,Yavaros,MX,26.7,-109.5167,99.45,33,3,15.97,clear sky
494,Curitibanos,BR,-27.2828,-50.5844,55.71,79,100,4.76,overcast clouds
495,Muli,MV,2.9167,73.5667,83.34,79,100,20.8,overcast clouds
496,Renigunta,IN,13.65,79.5167,75.54,86,100,9.08,light rain
497,Yerbogachen,RU,61.2767,108.0108,37.06,96,78,3.94,broken clouds
498,Mongo,TD,12.1844,18.693,91.65,35,100,3.65,overcast clouds
499,Fort Nelson,CA,58.8053,-122.7002,47.79,46,100,2.3,overcast clouds
500,Prainha,BR,-1.8,-53.48,83.77,68,35,3.53,scattered clouds
501,Williams Lake,CA,52.1415,-122.1445,56.05,36,100,11.5,overcast clouds
502,Pitimbu,BR,-7.4706,-34.8086,81.19,78,92,7.72,overcast clouds
503,Waipawa,NZ,-41.4122,175.5153,40.87,82,2,2.89,clear sky
504,Puerto Montt,CL,-41.4698,-72.9447,50.83,100,100,6.91,overcast clouds
505,Ambunti,PG,-4.2365,142.8448,73.17,99,97,1.86,heavy intensity rain
506,Porto Novo,BJ,6.4965,2.6036,84.02,79,10,9.28,clear sky
507,Boralday,KZ,43.3578,76.8594,53.46,87,75,2.24,broken clouds
508,Nishihara,JP,26.1842,127.7558,73.45,100,100,4.61,moderate rain
509,Ryotsu,JP,38.0833,138.4333,60.96,65,100,1.45,overcast clouds
510,Alihe,CN,50.5667,123.7167,34.23,49,100,3.18,overcast clouds
511,Ombessa,CM,4.603,11.2565,72.37,96,99,4.09,light rain
512,Taungdwingyi,MM,20.0167,95.55,78.64,81,99,7.0,overcast clouds
513,Erenhot,CN,43.6475,111.9767,40.53,27,3,8.32,clear sky
514,Jand,PK,33.4299,72.0193,88.66,15,0,2.77,clear sky
515,Grindavik,IS,63.8424,-22.4338,40.95,65,100,4.61,overcast clouds
516,Susangerd,IR,31.5608,48.1831,82.92,15,0,9.24,clear sky
517,Muros,ES,42.7762,-9.0603,62.1,75,100,8.57,overcast clouds
518,Moranbah,AU,-22.0016,148.0466,66.22,98,100,5.84,overcast clouds
519,Bogorodskoye,RU,56.55,37.8833,44.96,67,35,2.66,scattered clouds
520,Selma,US,36.5708,-119.6121,66.09,19,0,11.97,clear sky
521,Maine-Soroa,NE,13.2114,12.0241,95.68,23,86,4.38,overcast clouds
522,Swan Hill,AU,-35.3378,143.5544,57.38,95,100,10.67,overcast clouds
523,Juneau,US,58.3019,-134.4197,51.84,73,75,10.36,broken clouds
524,Copiapo,CL,-27.3667,-70.3333,56.89,35,1,5.12,clear sky
525,Innisfail,AU,-17.5333,146.0333,73.22,98,100,5.79,overcast clouds
526,Acapulco,MX,16.8634,-99.8901,87.62,62,100,12.66,overcast clouds
527,Puquio,PE,-14.7,-74.1333,60.22,30,0,11.77,clear sky
528,Toyooka,JP,35.5333,134.8333,61.68,97,100,5.5,overcast clouds
529,Hambantota,LK,6.1241,81.1185,80.49,83,95,19.19,overcast clouds
530,Mpika,ZM,-11.8343,31.4529,59.27,69,1,2.77,clear sky
531,Caravelas,BR,-17.7125,-39.2481,75.02,74,81,6.58,broken clouds
532,Iralaya,HN,15.0,-83.2333,81.16,80,72,10.83,broken clouds
533,Biak,ID,-0.9131,122.8766,77.25,88,98,1.28,overcast clouds
534,High Level,CA,58.5169,-117.136,42.91,65,20,8.05,few clouds
535,Whitehorse,CA,60.7161,-135.0538,45.1,52,75,5.75,broken clouds
536,Desaguadero,PE,-16.5656,-69.0417,53.31,33,7,10.11,clear sky
537,Juan Aldama,MX,24.2908,-103.3944,86.61,14,4,9.37,clear sky
538,Ouadda,CF,8.0777,22.4007,71.67,86,100,3.85,overcast clouds
539,Luderitz,NA,-26.6481,15.1594,58.23,68,0,11.1,clear sky
540,Enumclaw,US,47.2043,-121.9915,59.52,49,69,7.0,broken clouds
541,Ibra,OM,22.6906,58.5334,81.91,29,74,1.92,broken clouds
542,Namibe,AO,-15.1961,12.1522,72.54,72,0,4.79,clear sky
543,Hulan Ergi,CN,47.2042,123.6333,40.3,40,79,8.55,broken clouds
544,Marica,BR,-22.9194,-42.8186,84.15,77,96,5.53,overcast clouds
545,Napier,NZ,-39.4833,176.9167,46.27,77,30,3.0,scattered clouds
546,Nizwa,OM,22.9333,57.5333,83.97,21,66,3.47,broken clouds
547,Karpathos,GR,35.507,27.2132,62.56,82,0,14.97,clear sky
548,Golyshmanovo,RU,56.3979,68.3728,49.14,85,100,8.32,overcast clouds
549,Coffs Harbour,AU,-30.3,153.1333,71.56,73,100,13.8,heavy intensity rain
550,Healdsburg,US,38.6105,-122.8692,69.78,43,20,3.44,few clouds
551,Malkangiri,IN,18.35,81.9,80.89,75,100,4.72,overcast clouds
552,Laguna,US,38.421,-121.4238,68.14,37,0,10.36,clear sky
553,Ponnani,IN,10.767,75.9252,72.72,85,100,7.87,overcast clouds
554,Morshansk,RU,53.4435,41.8107,46.74,96,100,10.4,overcast clouds
555,Segezha,RU,63.7415,34.3222,43.86,86,90,11.3,overcast clouds
556,Soligalich,RU,59.0778,42.2864,48.04,75,100,2.91,light rain
557,Varlamovo,RU,53.1897,48.4226,40.78,96,100,8.93,light rain
558,Sulya,IN,12.5667,75.3833,73.31,95,100,2.77,overcast clouds
559,Kuybyshevo,RU,47.8123,38.9073,53.29,59,99,10.8,overcast clouds
560,Tias,ES,28.9611,-13.645,67.68,94,0,9.22,clear sky
561,Praia,CV,14.9215,-23.5087,77.54,65,0,16.11,clear sky
562,Arlit,NE,18.7369,7.3853,92.44,9,0,13.69,clear sky
563,Waddan,LY,29.1614,16.139,66.31,56,26,17.58,light rain
564,Biltine,TD,14.5333,20.9167,92.23,11,90,4.09,overcast clouds
565,Phuthaditjhaba,ZA,-28.5242,28.8158,50.9,60,0,4.16,clear sky
566,Poum,NC,-20.2333,164.0167,76.35,71,100,25.59,overcast clouds
567,Nelson Bay,AU,-32.7167,152.15,64.99,99,100,1.01,light rain
568,Tarko-Sale,RU,64.9225,77.785,39.2,93,100,4.14,overcast clouds
569,Whitecourt,CA,54.1502,-115.6855,54.64,37,75,5.75,broken clouds
570,Nador,MA,35.174,-2.9287,68.07,77,0,5.75,clear sky
571,Arona,ES,28.0996,-16.681,66.83,77,20,10.36,few clouds
572,Zhengjiatun,CN,43.5064,123.5064,42.55,32,3,7.94,clear sky
573,Santa Marta,CO,11.2408,-74.199,86.9,73,75,11.5,broken clouds
574,Huangzhou,CN,30.45,114.8,64.8,88,56,4.97,broken clouds
575,Pauini,BR,-7.7136,-66.9764,82.71,71,98,3.13,overcast clouds
576,Aldan,RU,58.6031,125.3894,16.79,94,100,4.14,overcast clouds
577,Mitsamiouli,KM,-11.3847,43.2844,79.38,66,0,7.76,clear sky
578,Wahlern,CH,46.8281,7.3532,69.73,33,4,8.05,clear sky
579,Sibolga,ID,1.7427,98.7792,76.57,96,100,8.48,overcast clouds
580,Ahome,MX,25.9167,-109.1833,93.78,24,10,14.41,clear sky
581,Jardim,BR,-21.4803,-56.1381,78.39,49,10,6.71,clear sky
582,Provost,CA,52.3501,-110.2683,59.45,35,98,7.92,overcast clouds
583,Mana,GF,5.6592,-53.7767,79.97,83,21,11.1,few clouds
584,Havoysund,NO,70.9963,24.6622,37.63,98,100,20.56,light rain
585,Beckley,US,37.7782,-81.1882,82.29,27,0,12.66,clear sky
586,Manggar,ID,-2.8833,108.2667,80.29,84,100,3.56,moderate rain
587,Makakilo City,US,21.3469,-158.0858,79.12,61,20,13.8,few clouds
588,Bambanglipuro,ID,-7.95,110.2833,77.77,90,97,1.86,light rain
589,Calderitas,MX,18.55,-88.25,89.71,55,40,13.8,scattered clouds
590,Puerto Rico,AR,-26.796,-55.024,66.52,71,81,4.7,broken clouds
591,Nemuro,JP,43.3236,145.575,44.89,100,100,10.76,overcast clouds
592,Buraydah,SA,26.326,43.975,86.45,13,0,10.47,clear sky
593,Port-Gentil,GA,-0.7193,8.7815,80.56,89,40,6.91,scattered clouds
594,Kirakira,SB,-10.4544,161.9205,80.6,82,100,2.95,moderate rain
595,Gejiu,CN,23.306,103.1635,56.79,95,64,1.16,broken clouds
596,Nara,JP,34.6851,135.8049,67.5,64,99,4.5,overcast clouds
597,Jaypur,IN,18.85,82.5833,76.6,77,100,9.66,overcast clouds
598,Khao Wong,TH,16.7001,104.0902,76.05,88,88,2.89,light rain
599,Dharchula,IN,29.85,80.5333,68.34,80,43,4.16,scattered clouds
600,Huarmey,PE,-10.0681,-78.1522,69.87,76,14,10.18,few clouds
601,Tawaramoto,JP,34.55,135.8,67.68,89,100,3.94,overcast clouds
602,Dolores,AR,-36.3132,-57.6792,58.44,48,79,7.94,broken clouds
603,Damietta,EG,31.4165,31.8133,67.89,70,80,8.5,broken clouds
604,Oistins,BB,13.0667,-59.5333,84.29,70,20,18.41,few clouds
605,Manoel Urbano,BR,-8.8389,-69.2597,81.72,85,92,3.22,overcast clouds
606,Ossora,RU,59.2353,163.0719,33.69,96,100,3.65,overcast clouds
607,Ulaangom,MN,49.9811,92.0667,40.95,25,0,3.36,clear sky
608,Grenada,ES,37.1882,-3.6067,75.56,27,0,8.05,clear sky
609,Kijang,KR,35.2442,129.2139,65.93,92,100,5.35,overcast clouds
610,Pangoa,PE,-12.1167,-73.0,79.68,73,28,2.04,scattered clouds
611,Ereymentau,KZ,51.6199,73.1033,51.49,66,89,5.35,overcast clouds
612,Waingapu,ID,-9.6567,120.2641,75.33,71,19,5.08,few clouds
613,Umm Lajj,SA,25.0213,37.2685,81.3,48,0,10.36,clear sky
614,Sorong,ID,-0.8833,131.25,81.82,78,100,11.56,moderate rain
615,Vinh,VN,18.6667,105.6667,79.65,79,100,4.21,overcast clouds
616,Hofn,IS,64.2539,-15.2082,42.82,49,100,6.91,overcast clouds
617,Sindor,RU,62.8629,51.8905,48.4,93,100,4.21,overcast clouds
618,Saint-Georges,GD,12.0564,-61.7485,83.88,74,20,28.77,few clouds
619,Baltasi,RU,56.3462,50.2062,38.75,84,0,7.78,clear sky
620,Male,MV,4.1748,73.5089,82.35,89,75,11.5,broken clouds
621,Vardo,NO,70.3705,31.1107,39.18,93,100,13.8,light rain
622,Kajaani,FI,64.2273,27.7285,44.65,93,75,6.91,broken clouds
623,Jiwani,PK,25.05,61.7417,83.1,73,98,17.6,overcast clouds
624,Dingle,PH,10.9995,122.6711,78.22,85,82,6.13,broken clouds
625,Coahuayana,MX,18.7333,-103.6833,92.7,42,100,8.37,overcast clouds
626,Hokitika,NZ,-42.7167,170.9667,50.88,76,100,3.27,overcast clouds
627,Kopavogur,IS,64.1123,-21.913,41.85,70,40,6.91,scattered clouds
628,Tiarei,PF,-17.5333,-149.3333,82.42,79,18,17.58,light rain
629,Sioux Lookout,CA,50.1001,-91.917,69.87,23,40,5.75,scattered clouds
630,Karratha,AU,-20.7377,116.8463,72.72,45,100,4.88,overcast clouds
631,Pindiga,NG,9.9833,10.9333,87.48,44,6,8.43,clear sky
632,Sibay,RU,52.7181,58.6658,42.87,63,4,4.81,clear sky
633,Kitimat,CA,54.0524,-128.6534,47.91,34,100,2.26,overcast clouds
634,Jinan,CN,36.6683,116.9972,63.16,58,100,1.79,overcast clouds
635,Lakes Entrance,AU,-37.8811,147.981,52.16,94,100,7.65,light rain
636,Fonte Boa,BR,-2.4959,-66.2662,81.23,90,98,3.71,overcast clouds
637,Sumbe,AO,-11.2061,13.8437,75.49,88,73,2.73,broken clouds
638,Media Luna,CU,20.1419,-77.435,83.82,60,24,6.29,few clouds
639,Baghdad,IQ,33.3406,44.4009,78.71,21,0,3.44,clear sky
640,Cheyenne,US,41.14,-104.8203,75.52,20,0,10.0,clear sky
641,Diamantino,BR,-14.4086,-56.4461,88.21,44,85,7.83,overcast clouds
642,Karimganj,IN,24.8667,92.35,74.68,98,100,4.85,overcast clouds
643,Sauk Rapids,US,45.5919,-94.1661,66.18,82,20,6.91,thunderstorm
644,Mehamn,NO,71.0357,27.8492,37.31,99,100,24.94,light rain
645,Lhokseumawe,ID,5.1801,97.1507,78.39,88,100,4.56,overcast clouds
646,Timbiqui,CO,2.7717,-77.6654,80.19,88,99,4.59,moderate rain
647,Cabra,ES,37.4725,-4.4421,66.43,42,100,5.73,overcast clouds
648,Mgandu,TZ,-5.95,34.1333,69.31,52,100,5.93,overcast clouds
649,Coos Bay,US,43.3665,-124.2179,61.32,78,75,6.91,broken clouds
650,Payo,ID,-3.7508,103.6372,74.82,99,100,2.13,light rain
651,Viedma,AR,-40.8135,-62.9967,59.13,47,100,10.27,overcast clouds
652,Babol,IR,36.5513,52.679,62.58,82,0,0.0,clear sky
653,Bull Savanna,JM,17.8868,-77.5902,82.35,64,4,15.32,clear sky
654,Kushiro,JP,42.975,144.3747,46.65,99,99,4.92,overcast clouds
655,Nehe,CN,48.4833,124.8333,40.69,70,91,7.99,overcast clouds
656,Cajica,CO,4.9186,-74.028,66.09,74,100,2.17,overcast clouds
657,Atherton,GB,53.5237,-2.4935,55.42,66,3,1.99,clear sky
658,Novikovo,RU,51.1537,37.8879,49.59,74,100,8.48,overcast clouds
659,Lyaskelya,RU,61.7667,31.0167,43.65,90,85,6.02,overcast clouds
660,Ushtobe,KZ,45.2514,77.9838,62.2,64,100,5.97,overcast clouds
661,Turukhansk,RU,65.8167,87.9833,38.08,100,100,8.77,overcast clouds
662,Pangkalanbuun,ID,-2.6833,111.6167,75.51,98,100,2.15,overcast clouds
663,Boshan,CN,36.4833,117.8333,52.97,70,12,2.46,few clouds
664,Nichinan,JP,31.6,131.3667,69.49,95,100,6.31,overcast clouds
665,Bignona,SN,12.8103,-16.2264,77.04,54,83,12.08,broken clouds
666,Akyab,MM,20.15,92.9,79.66,85,98,3.49,overcast clouds
667,Fomboni,KM,-12.28,43.7425,81.18,64,0,16.22,clear sky
668,Vadgaon,IN,20.9402,74.8712,91.44,34,15,17.18,few clouds
669,Bosaso,SO,11.2842,49.1816,85.84,49,100,6.04,overcast clouds
670,Pirapo,PY,-26.85,-55.5333,63.99,80,99,4.23,overcast clouds
671,Soavinandriana,MG,-19.1667,46.7333,51.37,83,0,5.17,clear sky
672,Lincoln,US,40.8,-96.667,93.29,38,0,20.71,clear sky
673,Sandwick,GB,60.0,-1.25,48.02,76,20,24.16,few clouds
674,Havre-Saint-Pierre,CA,50.2334,-63.5986,61.16,33,0,9.22,clear sky
675,Galveston,US,29.3669,-94.9669,90.09,68,20,14.97,few clouds
676,Sobolevo,RU,54.4299,31.8996,50.76,79,100,7.4,overcast clouds
677,Canavieiras,BR,-15.675,-38.9472,74.43,85,12,4.45,few clouds
678,San Andres,CO,12.5847,-81.7006,86.02,74,75,8.05,broken clouds
679,Quzhou,CN,28.9594,118.8686,65.8,97,100,5.84,overcast clouds
680,Bambari,CF,5.768,20.6757,72.59,94,100,4.88,moderate rain
681,Perth,AU,-31.9333,115.8333,60.04,92,100,10.36,overcast clouds
682,San Patricio,US,28.017,-97.5169,91.49,49,4,18.28,clear sky
